<?xml version="1.0" encoding="UTF-8"?>
<project-private xmlns="http://www.netbeans.org/ns/project-private/1">
    <editor-bookmarks xmlns="http://www.netbeans.org/ns/editor-bookmarks/2" lastBookmarkId="0"/>
    <open-files xmlns="http://www.netbeans.org/ns/projectui-open-files/2">
        <group>
            <file>file:/C:/Users/rikid/OneDrive/Documentos/NetBeansProjects/ProyectoFinaInterl1erTri/src/proyectofinainterl1ertri/Cliente.java</file>
            <file>file:/C:/Users/rikid/OneDrive/Documentos/NetBeansProjects/ProyectoFinaInterl1erTri/src/proyectofinainterl1ertri/Agregar.java</file>
            <file>file:/C:/Users/rikid/OneDrive/Documentos/NetBeansProjects/ProyectoFinaInterl1erTri/src/proyectofinainterl1ertri/Eliminar.java</file>
            <file>file:/C:/Users/rikid/OneDrive/Documentos/NetBeansProjects/ProyectoFinaInterl1erTri/src/proyectofinainterl1ertri/Consultar.java</file>
            <file>file:/C:/Users/rikid/OneDrive/Documentos/NetBeansProjects/ProyectoFinaInterl1erTri/src/bbdd/Conexion.java</file>
            <file>file:/C:/Users/rikid/OneDrive/Documentos/NetBeansProjects/ProyectoFinaInterl1erTri/src/proyectofinainterl1ertri/Principal.java</file>
            <file>file:/C:/Users/rikid/OneDrive/Documentos/NetBeansProjects/ProyectoFinaInterl1erTri/src/proyectofinainterl1ertri/Modificar.java</file>
            <file>file:/C:/Users/rikid/OneDrive/Documentos/NetBeansProjects/ProyectoFinaInterl1erTri/src/proyectofinainterl1ertri/Gestion.java</file>
            <file>file:/C:/Users/rikid/OneDrive/Documentos/NetBeansProjects/ProyectoFinaInterl1erTri/src/proyectofinainterl1ertri/Estadisticas.java</file>
        </group>
    </open-files>
</project-private>
